Region,Council,Swim site,Date,Time,Enterococci (cfu/100mL),Water temperature (°C),Conductivity (µS/cm),Latitude,Longitude
Sydney City,Randwick City Council,Malabar Beach,6/1/2011,07:58:00,11,20,53600,-33.96436,151.252247
Sydney City,Randwick City Council,Malabar Beach,12/1/2011,08:11:00,35,21,53200,-33.96436,151.252247
Sydney City,Randwick City Council,Malabar Beach,18/1/2011,08:17:00,57,23,53100,-33.96436,151.252247
Sydney City,Randwick City Council,Malabar Beach,23/1/2011,07:46:00,12,,53300,-33.96436,151.252247
Sydney City,Randwick City Council,Malabar Beach,29/1/2011,09:30:00,7,23,,-33.96436,151.252247
Sydney City,Randwick City Council,Malabar Beach,4/2/2011,07:09:00,7,23,53500,-33.96436,151.252247
Sydney City,Randwick City Council,Malabar Beach,10/2/2011,09:22:00,6,22,53700,-33.96436,151.252247
Sydney City,Randwick City Council,Malabar Beach,16/2/2011,10:20:00,40,23,53600,-33.96436,151.252247
Sydney City,Randwick City Council,Malabar Beach,22/2/2011,08:01:00,300,,54300,-33.96436,151.252247
Sydney City,Randwick City Council,Malabar Beach,28/2/2011,08:07:00,100,,53500,-33.96436,151.252247
Sydney City,Randwick City Council,Malabar Beach,6/3/2011,07:26:00,25,,54000,-33.96436,151.252247
Sydney City,Randwick City Council,Malabar Beach,12/3/2011,07:08:00,11,22,53900,-33.96436,151.252247
Sydney City,Randwick City Council,Malabar Beach,17/3/2011,08:41:00,200,,52900,-33.96436,151.252247
Sydney City,Randwick City Council,Malabar Beach,24/3/2011,07:58:00,11,21,51900,-33.96436,151.252247
Sydney City,Randwick City Council,Malabar Beach,30/3/2011,08:13:00,38,22,52700,-33.96436,151.252247
Sydney City,Randwick City Council,Malabar Beach,5/4/2011,09:39:00,57,22,53600,-33.96436,151.252247
Sydney City,Randwick City Council,Malabar Beach,11/4/2011,10:26:00,2,22,52900,-33.96436,151.252247
Sydney City,Randwick City Council,Malabar Beach,15/4/2011,07:20:00,200,20,53400,-33.96436,151.252247
Sydney City,Randwick City Council,Malabar Beach,21/4/2011,07:56:00,24,20,53200,-33.96436,151.252247
Sydney City,Randwick City Council,Malabar Beach,29/4/2011,09:45:00,13,21,52600,-33.96436,151.252247
Sydney City,Randwick City Council,Malabar Beach,5/5/2011,08:40:00,10,19,52600,-33.96436,151.252247
Sydney City,Randwick City Council,Malabar Beach,11/5/2011,08:43:00,6,17,53400,-33.96436,151.252247
Sydney City,Randwick City Council,Malabar Beach,17/5/2011,11:40:00,0,18,53600,-33.96436,151.252247
Sydney City,Randwick City Council,Malabar Beach,24/5/2011,07:10:00,3,17,53600,-33.96436,151.252247
Sydney City,Randwick City Council,Malabar Beach,29/5/2011,06:46:00,4,17,53900,-33.96436,151.252247
Sydney City,Randwick City Council,Malabar Beach,4/6/2011,10:37:00,11,,5300,-33.96436,151.252247
Sydney City,Randwick City Council,Malabar Beach,10/6/2011,07:57:00,25,16,,-33.96436,151.252247
Sydney City,Randwick City Council,Malabar Beach,16/6/2011,09:20:00,22,18,53800,-33.96436,151.252247
Sydney City,Randwick City Council,Malabar Beach,22/6/2011,08:59:00,0,15,5410,-33.96436,151.252247
Sydney City,Randwick City Council,Malabar Beach,28/6/2011,07:55:00,6,16,,-33.96436,151.252247
Sydney City,Randwick City Council,Malabar Beach,4/7/2011,08:46:00,23,17,54100,-33.96436,151.252247
Sydney City,Randwick City Council,Malabar Beach,10/7/2011,11:11:00,12,16,54100,-33.96436,151.252247
Sydney City,Randwick City Council,Malabar Beach,16/7/2011,07:09:00,120,16,54600,-33.96436,151.252247
Sydney City,Randwick City Council,Malabar Beach,22/7/2011,08:01:00,98,18,52700,-33.96436,151.252247
Sydney City,Randwick City Council,Malabar Beach,28/7/2011,09:09:00,3,16,51500,-33.96436,151.252247
Sydney City,Randwick City Council,Malabar Beach,3/8/2011,08:15:00,6,16,53600,-33.96436,151.252247
Sydney City,Randwick City Council,Malabar Beach,9/8/2011,10:13:00,48,16,52600,-33.96436,151.252247
Sydney City,Randwick City Council,Malabar Beach,15/8/2011,09:49:00,18,16,53300,-33.96436,151.252247
Sydney City,Randwick City Council,Malabar Beach,21/8/2011,06:35:00,7,16,,-33.96436,151.252247
Sydney City,Randwick City Council,Malabar Beach,27/8/2011,06:25:00,19,17,54100,-33.96436,151.252247
Sydney City,Randwick City Council,Malabar Beach,2/9/2011,08:49:00,220,16,52500,-33.96436,151.252247
Sydney City,Randwick City Council,Malabar Beach,8/9/2011,07:41:00,36,16,53500,-33.96436,151.252247
Sydney City,Randwick City Council,Malabar Beach,13/9/2011,08:40:00,5,16,54600,-33.96436,151.252247
Sydney City,Randwick City Council,Malabar Beach,20/9/2011,08:45:00,0,17,54200,-33.96436,151.252247
Sydney City,Randwick City Council,Malabar Beach,26/9/2011,08:05:00,90,16,51200,-33.96436,151.252247
Sydney City,Randwick City Council,Malabar Beach,30/9/2011,08:08:00,89,15,51300,-33.96436,151.252247
Sydney City,Randwick City Council,Malabar Beach,9/10/2011,09:09:00,35,18,,-33.96436,151.252247
Sydney City,Randwick City Council,Malabar Beach,14/10/2011,07:45:00,8,17,50800,-33.96436,151.252247
Sydney City,Randwick City Council,Malabar Beach,20/10/2011,10:26:00,1,18,50700,-33.96436,151.252247
Sydney City,Randwick City Council,Malabar Beach,26/10/2011,10:45:00,50,18,51100,-33.96436,151.252247
Sydney City,Randwick City Council,Malabar Beach,1/11/2011,08:29:00,12,17,50800,-33.96436,151.252247
Sydney City,Randwick City Council,Malabar Beach,7/11/2011,10:02:00,41,21,50400,-33.96436,151.252247
Sydney City,Randwick City Council,Malabar Beach,13/11/2011,09:21:00,79,20,48500,-33.96436,151.252247
Sydney City,Randwick City Council,Malabar Beach,18/11/2011,10:34:00,14,20,,-33.96436,151.252247
Sydney City,Randwick City Council,Malabar Beach,25/11/2011,07:38:00,800,17,,-33.96436,151.252247
Sydney City,Randwick City Council,Malabar Beach,1/12/2011,08:12:00,280,17,50300,-33.96436,151.252247
Sydney City,Randwick City Council,Malabar Beach,7/12/2011,07:00:00,400,18,51000,-33.96436,151.252247
Sydney City,Randwick City Council,Malabar Beach,12/12/2011,07:45:00,700,18,48700,-33.96436,151.252247
Sydney City,Randwick City Council,Malabar Beach,19/12/2011,07:45:00,3,19,50900,-33.96436,151.252247
Sydney City,Randwick City Council,Malabar Beach,23/12/2011,06:50:00,300,19,50000,-33.96436,151.252247
Sydney City,Randwick City Council,Malabar Beach,30/12/2011,08:23:00,20,21,50400,-33.96436,151.252247
Sydney City,Randwick City Council,Malabar Beach,5/1/2012,10:46:00,16,22,50400,-33.96436,151.252247
Sydney City,Randwick City Council,Malabar Beach,12/1/2012,08:30:00,40,19,51000,-33.96436,151.252247
Sydney City,Randwick City Council,Malabar Beach,18/1/2012,08:37:00,22,22,50600,-33.96436,151.252247
Sydney City,Randwick City Council,Malabar Beach,24/1/2012,09:21:00,110,22,51100,-33.96436,151.252247
Sydney City,Randwick City Council,Malabar Beach,30/1/2012,10:21:00,35,23,50600,-33.96436,151.252247
Sydney City,Randwick City Council,Malabar Beach,5/2/2012,07:39:00,330,21,50100,-33.96436,151.252247
Sydney City,Randwick City Council,Malabar Beach,11/2/2012,08:20:00,12,21,50100,-33.96436,151.252247
Sydney City,Randwick City Council,Malabar Beach,17/2/2012,10:24:00,6,23,49800,-33.96436,151.252247
Sydney City,Randwick City Council,Malabar Beach,23/2/2012,09:00:00,290,22,49500,-33.96436,151.252247
Sydney City,Randwick City Council,Malabar Beach,29/2/2012,08:31:00,330,21,48200,-33.96436,151.252247
Sydney City,Randwick City Council,Malabar Beach,6/3/2012,08:45:00,23,20,50000,-33.96436,151.252247
Sydney City,Randwick City Council,Malabar Beach,12/3/2012,08:16:00,31,21,49000,-33.96436,151.252247
Sydney City,Randwick City Council,Malabar Beach,18/3/2012,09:35:00,29,20,49000,-33.96436,151.252247
Sydney City,Randwick City Council,Malabar Beach,24/3/2012,08:04:00,19,18,,-33.96436,151.252247
Sydney City,Randwick City Council,Malabar Beach,30/3/2012,08:05:00,12,20,,-33.96436,151.252247
Sydney City,Randwick City Council,Malabar Beach,5/4/2012,08:12:00,82,21,50800,-33.96436,151.252247
Sydney City,Randwick City Council,Malabar Beach,11/4/2012,08:20:00,5,19,51400,-33.96436,151.252247
Sydney City,Randwick City Council,Malabar Beach,17/4/2012,08:24:00,630,20,43100,-33.96436,151.252247
Sydney City,Randwick City Council,Malabar Beach,23/4/2012,09:20:00,29,20,49900,-33.96436,151.252247
Sydney City,Randwick City Council,Malabar Beach,29/4/2012,07:28:00,31,19,50300,-33.96436,151.252247
Sydney City,Randwick City Council,Malabar Beach,4/5/2012,08:57:00,29,19,50000,-33.96436,151.252247
Sydney City,Randwick City Council,Malabar Beach,11/5/2012,09:39:00,31,19,50100,-33.96436,151.252247
Sydney City,Randwick City Council,Malabar Beach,17/5/2012,08:01:00,12,18,50900,-33.96436,151.252247
Sydney City,Randwick City Council,Malabar Beach,23/5/2012,09:17:00,4,18,50900,-33.96436,151.252247
Sydney City,Randwick City Council,Malabar Beach,30/5/2012,09:52:00,6,18,53500,-33.96436,151.252247
Sydney City,Randwick City Council,Malabar Beach,4/6/2012,10:20:00,38,18,53100,-33.96436,151.252247
Sydney City,Randwick City Council,Malabar Beach,8/6/2012,10:22:00,20,17,53900,-33.96436,151.252247
Sydney City,Randwick City Council,Malabar Beach,15/6/2012,10:34:00,18,17,52000,-33.96436,151.252247
Sydney City,Randwick City Council,Malabar Beach,21/6/2012,09:28:00,12,16,53200,-33.96436,151.252247
Sydney City,Randwick City Council,Malabar Beach,27/6/2012,10:40:00,26,17,52900,-33.96436,151.252247
Sydney City,Randwick City Council,Malabar Beach,3/7/2012,09:01:00,13,15,53500,-33.96436,151.252247
Sydney City,Randwick City Council,Malabar Beach,10/7/2012,10:20:00,17,17,53400,-33.96436,151.252247
Sydney City,Randwick City Council,Malabar Beach,15/7/2012,07:53:00,11,14,53000,-33.96436,151.252247
Sydney City,Randwick City Council,Malabar Beach,21/7/2012,07:20:00,29,17,53300,-33.96436,151.252247
Sydney City,Randwick City Council,Malabar Beach,27/7/2012,10:18:00,2,17,53300,-33.96436,151.252247
Sydney City,Randwick City Council,Malabar Beach,2/8/2012,10:25:00,6,17,54200,-33.96436,151.252247
Sydney City,Randwick City Council,Malabar Beach,8/8/2012,09:27:00,110,15,54400,-33.96436,151.252247
Sydney City,Randwick City Council,Malabar Beach,14/8/2012,09:25:00,1,16,54300,-33.96436,151.252247
Sydney City,Randwick City Council,Malabar Beach,21/8/2012,09:01:00,3,15,54400,-33.96436,151.252247
Sydney City,Randwick City Council,Malabar Beach,26/8/2012,06:38:00,14,,,-33.96436,151.252247
Sydney City,Randwick City Council,Malabar Beach,1/9/2012,06:47:00,3,,,-33.96436,151.252247
Sydney City,Randwick City Council,Malabar Beach,7/9/2012,08:45:00,11,16,54300,-33.96436,151.252247
Sydney City,Randwick City Council,Malabar Beach,13/9/2012,08:53:00,28,17,54300,-33.96436,151.252247
Sydney City,Randwick City Council,Malabar Beach,19/9/2012,08:50:00,8,17,54000,-33.96436,151.252247
Sydney City,Randwick City Council,Malabar Beach,27/9/2012,08:50:00,22,18,54000,-33.96436,151.252247
Sydney City,Randwick City Council,Malabar Beach,8/10/2012,08:14:00,16,16,54100,-33.96436,151.252247
Sydney City,Randwick City Council,Malabar Beach,18/10/2012,08:29:00,25,18,54100,-33.96436,151.252247
Sydney City,Randwick City Council,Malabar Beach,26/10/2012,08:30:00,18,17,54100,-33.96436,151.252247
Sydney City,Randwick City Council,Malabar Beach,1/11/2012,07:50:00,18,19,53800,-33.96436,151.252247
Sydney City,Randwick City Council,Malabar Beach,7/11/2012,07:39:00,11,19,53300,-33.96436,151.252247
Sydney City,Randwick City Council,Malabar Beach,13/11/2012,08:34:00,660,18,53900,-33.96436,151.252247
Sydney City,Randwick City Council,Malabar Beach,19/11/2012,08:57:00,9,19,53900,-33.96436,151.252247
Sydney City,Randwick City Council,Malabar Beach,25/11/2012,09:34:00,25,21,53400,-33.96436,151.252247
Sydney City,Randwick City Council,Malabar Beach,13/12/2012,08:28:00,18,21,53800,-33.96436,151.252247
Sydney City,Randwick City Council,Malabar Beach,19/12/2012,08:44:00,2,21,53600,-33.96436,151.252247
Sydney City,Randwick City Council,Malabar Beach,24/12/2012,09:15:00,28,,,-33.96436,151.252247
Sydney City,Randwick City Council,Malabar Beach,2/1/2013,08:50:00,2,20,53400,-33.96436,151.252247
Sydney City,Randwick City Council,Malabar Beach,6/1/2013,08:00:00,4,21,53600,-33.96436,151.252247
Sydney City,Randwick City Council,Malabar Beach,12/1/2013,10:07:00,390,21,53900,-33.96436,151.252247
Sydney City,Randwick City Council,Malabar Beach,18/1/2013,10:31:00,15,24,53500,-33.96436,151.252247
Sydney City,Randwick City Council,Malabar Beach,24/1/2013,08:07:00,110,21,53900,-33.96436,151.252247
Sydney City,Randwick City Council,Malabar Beach,30/1/2013,08:38:00,13,20,53900,-33.96436,151.252247
Sydney City,Randwick City Council,Malabar Beach,5/2/2013,09:52:00,13,22,52900,-33.96436,151.252247
Sydney City,Randwick City Council,Malabar Beach,11/2/2013,08:35:00,140,20,53400,-33.96436,151.252247
Sydney City,Randwick City Council,Malabar Beach,17/2/2013,10:21:00,23,23,52500,-33.96436,151.252247
Sydney City,Randwick City Council,Malabar Beach,23/2/2013,08:17:00,390,23,53400,-33.96436,151.252247
Sydney City,Randwick City Council,Malabar Beach,1/3/2013,09:10:00,24,20,52600,-33.96436,151.252247
Sydney City,Randwick City Council,Malabar Beach,7/3/2013,08:05:00,6,22,51700,-33.96436,151.252247
Sydney City,Randwick City Council,Malabar Beach,13/3/2013,10:19:00,9,24,52700,-33.96436,151.252247
Sydney City,Randwick City Council,Malabar Beach,19/3/2013,07:55:00,4,21,53500,-33.96436,151.252247
Sydney City,Randwick City Council,Malabar Beach,25/3/2013,08:27:00,28,22,53500,-33.96436,151.252247
Sydney City,Randwick City Council,Malabar Beach,2/4/2013,08:27:00,12,23,53300,-33.96436,151.252247
Sydney City,Randwick City Council,Malabar Beach,6/4/2013,10:01:00,52,22,,-33.96436,151.252247
Sydney City,Randwick City Council,Malabar Beach,12/4/2013,09:39:00,8,22,53000,-33.96436,151.252247
Sydney City,Randwick City Council,Malabar Beach,18/4/2013,08:23:00,3,21,53500,-33.96436,151.252247
Sydney City,Randwick City Council,Malabar Beach,24/4/2013,08:43:00,6,19,54000,-33.96436,151.252247
Sydney City,Randwick City Council,Malabar Beach,1/5/2013,10:14:00,32,21,53500,-33.96436,151.252247
Sydney City,Randwick City Council,Malabar Beach,7/5/2013,10:26:00,5,20,53800,-33.96436,151.252247
Sydney City,Randwick City Council,Malabar Beach,14/5/2013,08:41:00,40,17,53800,-33.96436,151.252247
Sydney City,Randwick City Council,Malabar Beach,20/5/2013,08:22:00,5,18,54000,-33.96436,151.252247
Sydney City,Randwick City Council,Malabar Beach,25/5/2013,06:50:00,50,20,53700,-33.96436,151.252247
Sydney City,Randwick City Council,Malabar Beach,31/5/2013,09:32:00,4,18,53700,-33.96436,151.252247
Sydney City,Randwick City Council,Malabar Beach,6/6/2013,09:55:00,3,18,53900,-33.96436,151.252247
Sydney City,Randwick City Council,Malabar Beach,12/6/2013,10:21:00,9,17,54000,-33.96436,151.252247
Sydney City,Randwick City Council,Malabar Beach,17/6/2013,09:05:00,40,17,53700,-33.96436,151.252247
Sydney City,Randwick City Council,Malabar Beach,24/6/2013,09:14:00,20,16,53200,-33.96436,151.252247
Sydney City,Randwick City Council,Malabar Beach,30/6/2013,07:43:00,2500,15,42800,-33.96436,151.252247
Sydney City,Randwick City Council,Malabar Beach,6/7/2013,12:10:00,0,17,52900,-33.96436,151.252247
Sydney City,Randwick City Council,Malabar Beach,12/7/2013,10:15:00,2,15,53200,-33.96436,151.252247
Sydney City,Randwick City Council,Malabar Beach,18/7/2013,12:08:00,9,19,,-33.96436,151.252247
Sydney City,Randwick City Council,Malabar Beach,24/7/2013,11:47:00,170,16,54100,-33.96436,151.252247
Sydney City,Randwick City Council,Malabar Beach,30/7/2013,09:10:00,11,16,53300,-33.96436,151.252247
Sydney City,Randwick City Council,Malabar Beach,8/8/2013,07:43:00,54,15,54000,-33.96436,151.252247
Sydney City,Randwick City Council,Malabar Beach,14/8/2013,10:20:00,5,16,54000,-33.96436,151.252247
Sydney City,Randwick City Council,Malabar Beach,16/8/2013,10:13:00,1,15,54200,-33.96436,151.252247
Sydney City,Randwick City Council,Malabar Beach,22/8/2013,09:32:00,1,15,54300,-33.96436,151.252247
Sydney City,Randwick City Council,Malabar Beach,29/8/2013,10:32:00,2,18,54000,-33.96436,151.252247
Sydney City,Randwick City Council,Malabar Beach,2/9/2013,09:32:00,1,18,54000,-33.96436,151.252247
Sydney City,Randwick City Council,Malabar Beach,10/9/2013,08:09:00,10,18,54000,-33.96436,151.252247
Sydney City,Randwick City Council,Malabar Beach,16/9/2013,09:50:00,6,17,54000,-33.96436,151.252247
Sydney City,Randwick City Council,Malabar Beach,22/9/2013,07:27:00,1,15,54400,-33.96436,151.252247
Sydney City,Randwick City Council,Malabar Beach,28/9/2013,06:45:00,5,17,53400,-33.96436,151.252247
Sydney City,Randwick City Council,Malabar Beach,4/10/2013,08:48:00,6,17,54200,-33.96436,151.252247
Sydney City,Randwick City Council,Malabar Beach,12/10/2013,08:10:00,4,19,54100,-33.96436,151.252247
Sydney City,Randwick City Council,Malabar Beach,20/10/2013,07:37:00,10,19,53800,-33.96436,151.252247
Sydney City,Randwick City Council,Malabar Beach,28/10/2013,09:01:00,50,19,53500,-33.96436,151.252247
Sydney City,Randwick City Council,Malabar Beach,5/11/2013,07:30:00,26,18,54200,-33.96436,151.252247
Sydney City,Randwick City Council,Malabar Beach,13/11/2013,08:15:00,7,19,53800,-33.96436,151.252247
Sydney City,Randwick City Council,Malabar Beach,21/11/2013,07:20:00,5,20,53500,-33.96436,151.252247
Sydney City,Randwick City Council,Malabar Beach,29/11/2013,07:40:00,4,19,53600,-33.96436,151.252247
Sydney City,Randwick City Council,Malabar Beach,7/12/2013,07:56:00,9,20,54100,-33.96436,151.252247
Sydney City,Randwick City Council,Malabar Beach,13/12/2013,08:15:00,13,22,53700,-33.96436,151.252247
Sydney City,Randwick City Council,Malabar Beach,23/12/2013,07:39:00,10,21,53200,-33.96436,151.252247
Sydney City,Randwick City Council,Malabar Beach,31/12/2013,08:14:00,1500,21,53700,-33.96436,151.252247
Sydney City,Randwick City Council,Malabar Beach,8/1/2014,08:37:00,3,19,53900,-33.96436,151.252247
Sydney City,Randwick City Council,Malabar Beach,16/1/2014,08:15:00,17,21,53400,-33.96436,151.252247
Sydney City,Randwick City Council,Malabar Beach,24/1/2014,07:50:00,4,21,53800,-33.96436,151.252247
Sydney City,Randwick City Council,Malabar Beach,1/2/2014,08:33:00,35,21,53400,-33.96436,151.252247
Sydney City,Randwick City Council,Malabar Beach,9/2/2014,09:12:00,2,20,53900,-33.96436,151.252247
Sydney City,Randwick City Council,Malabar Beach,17/2/2014,08:38:00,140,20,53200,-33.96436,151.252247
Sydney City,Randwick City Council,Malabar Beach,25/2/2014,10:31:00,6,23,53600,-33.96436,151.252247
Sydney City,Randwick City Council,Malabar Beach,5/3/2014,08:05:00,66,21,53800,-33.96436,151.252247
Sydney City,Randwick City Council,Malabar Beach,13/3/2014,08:40:00,58,21,52600,-33.96436,151.252247
Sydney City,Randwick City Council,Malabar Beach,21/3/2014,09:11:00,4,22,53700,-33.96436,151.252247
Sydney City,Randwick City Council,Malabar Beach,29/3/2014,08:20:00,170,21,53300,-33.96436,151.252247
Sydney City,Randwick City Council,Malabar Beach,6/4/2014,09:13:00,45,21,54000,-33.96436,151.252247
Sydney City,Randwick City Council,Malabar Beach,14/4/2014,08:38:00,11,22,54200,-33.96436,151.252247
Sydney City,Randwick City Council,Malabar Beach,22/4/2014,08:00:00,16,19,53500,-33.96436,151.252247
Sydney City,Randwick City Council,Malabar Beach,30/4/2014,09:26:00,180,21,53400,-33.96436,151.252247
Sydney City,Randwick City Council,Malabar Beach,6/5/2014,10:00:00,7,19,53700,-33.96436,151.252247
Sydney City,Randwick City Council,Malabar Beach,12/5/2014,10:55:00,60,22,53600,-33.96436,151.252247
Sydney City,Randwick City Council,Malabar Beach,16/5/2014,10:07:00,32,20,54300,-33.96436,151.252247
Sydney City,Randwick City Council,Malabar Beach,22/5/2014,08:22:00,38,18,54000,-33.96436,151.252247
Sydney City,Randwick City Council,Malabar Beach,28/5/2014,09:45:00,50,19,54000,-33.96436,151.252247
Sydney City,Randwick City Council,Malabar Beach,3/6/2014,10:36:00,12,19,54300,-33.96436,151.252247
Sydney City,Randwick City Council,Malabar Beach,10/6/2014,08:25:00,4,18,54100,-33.96436,151.252247
Sydney City,Randwick City Council,Malabar Beach,19/6/2014,09:25:00,4,17,54200,-33.96436,151.252247
Sydney City,Randwick City Council,Malabar Beach,26/6/2014,08:10:00,110,15,54600,-33.96436,151.252247
Sydney City,Randwick City Council,Malabar Beach,3/7/2014,11:23:00,33,17,54900,-33.96436,151.252247
Sydney City,Randwick City Council,Malabar Beach,8/7/2014,09:09:00,2,15,54800,-33.96436,151.252247
Sydney City,Randwick City Council,Malabar Beach,14/7/2014,10:10:00,2,16,55200,-33.96436,151.252247
Sydney City,Randwick City Council,Malabar Beach,18/7/2014,09:46:00,25,14,55000,-33.96436,151.252247
Sydney City,Randwick City Council,Malabar Beach,24/7/2014,09:11:00,4,16,54600,-33.96436,151.252247
Sydney City,Randwick City Council,Malabar Beach,1/8/2014,08:50:00,14,15,54700,-33.96436,151.252247
Sydney City,Randwick City Council,Malabar Beach,5/8/2014,11:45:00,31,17,54700,-33.96436,151.252247
Sydney City,Randwick City Council,Malabar Beach,11/8/2014,09:30:00,110,15,54600,-33.96436,151.252247
Sydney City,Randwick City Council,Malabar Beach,15/8/2014,09:58:00,12,16,54600,-33.96436,151.252247
Sydney City,Randwick City Council,Malabar Beach,21/8/2014,08:51:00,10,16,53600,-33.96436,151.252247
Sydney City,Randwick City Council,Malabar Beach,27/8/2014,08:55:00,67,17,53200,-33.96436,151.252247
Sydney City,Randwick City Council,Malabar Beach,2/9/2014,09:03:00,2,17,53800,-33.96436,151.252247
Sydney City,Randwick City Council,Malabar Beach,8/9/2014,11:03:00,44,17,53300,-33.96436,151.252247
Sydney City,Randwick City Council,Malabar Beach,12/9/2014,08:30:00,2,16,54100,-33.96436,151.252247
Sydney City,Randwick City Council,Malabar Beach,18/9/2014,08:51:00,2,16,54100,-33.96436,151.252247
Sydney City,Randwick City Council,Malabar Beach,24/9/2014,08:44:00,9,18,54400,-33.96436,151.252247
Sydney City,Randwick City Council,Malabar Beach,30/9/2014,08:44:00,4,18,54100,-33.96436,151.252247
Sydney City,Randwick City Council,Malabar Beach,8/10/2014,07:28:00,160,17,52100,-33.96436,151.252247
Sydney City,Randwick City Council,Malabar Beach,16/10/2014,08:05:00,11,16,54200,-33.96436,151.252247
Sydney City,Randwick City Council,Malabar Beach,21/10/2014,08:46:00,8,17,54000,-33.96436,151.252247
Sydney City,Randwick City Council,Malabar Beach,25/10/2014,09:14:00,200,19,54100,-33.96436,151.252247
Sydney City,Randwick City Council,Malabar Beach,2/11/2014,10:17:00,7,17,54400,-33.96436,151.252247
Sydney City,Randwick City Council,Malabar Beach,10/11/2014,08:08:00,0,19,54300,-33.96436,151.252247
Sydney City,Randwick City Council,Malabar Beach,18/11/2014,08:55:00,19,20,54200,-33.96436,151.252247
Sydney City,Randwick City Council,Malabar Beach,26/11/2014,09:10:00,12,21,54400,-33.96436,151.252247
Sydney City,Randwick City Council,Malabar Beach,4/12/2014,08:08:00,990,20,53800,-33.96436,151.252247
Sydney City,Randwick City Council,Malabar Beach,13/12/2014,10:41:00,7,20,54400,-33.96436,151.252247
Sydney City,Randwick City Council,Malabar Beach,19/12/2014,08:15:00,17,20,52400,-33.96436,151.252247
Sydney City,Randwick City Council,Malabar Beach,28/12/2014,08:33:00,10,21,53600,-33.96436,151.252247
Sydney City,Randwick City Council,Malabar Beach,5/1/2015,08:18:00,570,21,53900,-33.96436,151.252247
Sydney City,Randwick City Council,Malabar Beach,15/1/2015,11:05:00,10,24,53600,-33.96436,151.252247
Sydney City,Randwick City Council,Malabar Beach,21/1/2015,07:37:00,110,737,53800,-33.96436,151.252247
Sydney City,Randwick City Council,Malabar Beach,29/1/2015,07:15:00,8,20,53600,-33.96436,151.252247
Sydney City,Randwick City Council,Malabar Beach,6/2/2015,10:30:00,61,23,53900,-33.96436,151.252247
Sydney City,Randwick City Council,Malabar Beach,14/2/2015,11:22:00,16,25,53600,-33.96436,151.252247
Sydney City,Randwick City Council,Malabar Beach,22/2/2015,10:11:00,8,23,53600,-33.96436,151.252247
Sydney City,Randwick City Council,Malabar Beach,27/2/2015,10:20:00,2,23,54100,-33.96436,151.252247
Sydney City,Randwick City Council,Malabar Beach,5/3/2015,07:08:00,24,21,54100,-33.96436,151.252247
Sydney City,Randwick City Council,Malabar Beach,9/3/2015,10:44:00,45,23,54200,-33.96436,151.252247
Sydney City,Randwick City Council,Malabar Beach,17/3/2015,10:09:00,6,21,54400,-33.96436,151.252247
Sydney City,Randwick City Council,Malabar Beach,25/3/2015,11:09:00,31,22,54000,-33.96436,151.252247
Sydney City,Randwick City Council,Malabar Beach,1/4/2015,10:17:00,50,22,53600,-33.96436,151.252247
Sydney City,Randwick City Council,Malabar Beach,9/4/2015,08:34:00,10,20,53400,-33.96436,151.252247
Sydney City,Randwick City Council,Malabar Beach,17/4/2015,07:44:00,900,20,53500,-33.96436,151.252247
Sydney City,Randwick City Council,Malabar Beach,27/4/2015,07:30:00,21,19,52500,-33.96436,151.252247
Sydney City,Randwick City Council,Malabar Beach,5/5/2015,11:23:00,4,20,52400,-33.96436,151.252247
Sydney City,Randwick City Council,Malabar Beach,11/5/2015,08:00:00,40,17,52700,-33.96436,151.252247
Sydney City,Randwick City Council,Malabar Beach,17/5/2015,09:20:00,15,18,54200,-33.96436,151.252247
Sydney City,Randwick City Council,Malabar Beach,22/5/2015,11:40:00,190,18,54000,-33.96436,151.252247
Sydney City,Randwick City Council,Malabar Beach,27/5/2015,11:06:00,0,18,54400,-33.96436,151.252247
Sydney City,Randwick City Council,Malabar Beach,3/6/2015,08:45:00,45,17,54700,-33.96436,151.252247
Sydney City,Randwick City Council,Malabar Beach,9/6/2015,11:45:00,2,18,54900,-33.96436,151.252247
Sydney City,Randwick City Council,Malabar Beach,15/6/2015,08:36:00,12,17,54600,-33.96436,151.252247
Sydney City,Randwick City Council,Malabar Beach,20/6/2015,10:55:00,12,17,54300,-33.96436,151.252247
Sydney City,Randwick City Council,Malabar Beach,26/6/2015,09:00:00,4,17,54400,-33.96436,151.252247
Sydney City,Randwick City Council,Malabar Beach,2/7/2015,06:59:00,78,14,54500,-33.96436,151.252247
Sydney City,Randwick City Council,Malabar Beach,8/7/2015,08:16:00,28,15,49300,-33.96436,151.252247
Sydney City,Randwick City Council,Malabar Beach,15/7/2015,11:00:00,10,16,54400,-33.96436,151.252247
Sydney City,Randwick City Council,Malabar Beach,21/7/2015,08:25:00,8,15,52100,-33.96436,151.252247
Sydney City,Randwick City Council,Malabar Beach,27/7/2015,08:19:00,6,14,54600,-33.96436,151.252247
Sydney City,Randwick City Council,Malabar Beach,31/7/2015,08:43:00,13,15,54900,-33.96436,151.252247
Sydney City,Randwick City Council,Malabar Beach,7/8/2015,08:38:00,8,14,54800,-33.96436,151.252247
Sydney City,Randwick City Council,Malabar Beach,14/8/2015,08:24:00,39,16,54400,-33.96436,151.252247
Sydney City,Randwick City Council,Malabar Beach,19/8/2015,08:03:00,7,16,54500,-33.96436,151.252247
Sydney City,Randwick City Council,Malabar Beach,25/8/2015,09:57:00,19,17,54000,-33.96436,151.252247
Sydney City,Randwick City Council,Malabar Beach,31/8/2015,10:12:00,13,16,53600,-33.96436,151.252247
Sydney City,Randwick City Council,Malabar Beach,4/9/2015,08:35:00,110,17,51400,-33.96436,151.252247
Sydney City,Randwick City Council,Malabar Beach,11/9/2015,08:40:00,7,18,54600,-33.96436,151.252247
Sydney City,Randwick City Council,Malabar Beach,17/9/2015,08:40:00,6,17,54400,-33.96436,151.252247
Sydney City,Randwick City Council,Malabar Beach,23/9/2015,07:02:00,120,16,54500,-33.96436,151.252247
Sydney City,Randwick City Council,Malabar Beach,29/9/2015,08:24:00,36,18,53400,-33.96436,151.252247
Sydney City,Randwick City Council,Malabar Beach,6/10/2015,06:47:00,7,18,55000,-33.96436,151.252247
Sydney City,Randwick City Council,Malabar Beach,12/10/2015,10:50:00,18,20,54400,-33.96436,151.252247
Sydney City,Randwick City Council,Malabar Beach,18/10/2015,08:13:00,12,19,54200,-33.96436,151.252247
Sydney City,Randwick City Council,Malabar Beach,24/10/2015,10:40:00,4,20,54000,-33.96436,151.252247
Sydney City,Randwick City Council,Malabar Beach,30/10/2015,10:05:00,120,20,54500,-33.96436,151.252247
Sydney City,Randwick City Council,Malabar Beach,5/11/2015,07:15:00,11,18,54100,-33.96436,151.252247
Sydney City,Randwick City Council,Malabar Beach,11/11/2015,08:15:00,82,20,54000,-33.96436,151.252247
Sydney City,Randwick City Council,Malabar Beach,17/11/2015,10:17:00,4,20,53900,-33.96436,151.252247
Sydney City,Randwick City Council,Malabar Beach,23/11/2015,08:55:00,58,21,54200,-33.96436,151.252247
Sydney City,Randwick City Council,Malabar Beach,29/11/2015,09:45:00,140,20,54100,-33.96436,151.252247
Sydney City,Randwick City Council,Malabar Beach,5/12/2015,07:36:00,4,20,54100,-33.96436,151.252247
Sydney City,Randwick City Council,Malabar Beach,11/12/2015,08:00:00,360,21,54200,-33.96436,151.252247
Sydney City,Randwick City Council,Malabar Beach,17/12/2015,07:19:00,100,19,52800,-33.96436,151.252247
Sydney City,Randwick City Council,Malabar Beach,22/12/2015,07:38:00,180,19,53400,-33.96436,151.252247
Sydney City,Randwick City Council,Malabar Beach,29/12/2015,07:30:00,8,19,54300,-33.96436,151.252247
Sydney City,Randwick City Council,Malabar Beach,4/1/2016,07:50:00,3,20,54200,-33.96436,151.252247
Sydney City,Randwick City Council,Malabar Beach,10/1/2016,08:50:00,31,22,53500,-33.96436,151.252247
Sydney City,Randwick City Council,Malabar Beach,16/1/2016,12:17:00,3,21,54000,-33.96436,151.252247
Sydney City,Randwick City Council,Malabar Beach,22/1/2016,10:18:00,170,24,53100,-33.96436,151.252247
Sydney City,Randwick City Council,Malabar Beach,28/1/2016,09:15:00,5,22,54000,-33.96436,151.252247
Sydney City,Randwick City Council,Malabar Beach,3/2/2016,08:34:00,6,23,52700,-33.96436,151.252247
Sydney City,Randwick City Council,Malabar Beach,9/2/2016,08:48:00,70,23,53500,-33.96436,151.252247
Sydney City,Randwick City Council,Malabar Beach,15/2/2016,07:28:00,0,22,53900,-33.96436,151.252247
Sydney City,Randwick City Council,Malabar Beach,21/2/2016,07:58:00,34,24,54100,-33.96436,151.252247
Sydney City,Randwick City Council,Malabar Beach,27/2/2016,09:30:00,9,22,54500,-33.96436,151.252247
Sydney City,Randwick City Council,Malabar Beach,4/3/2016,08:45:00,11,22,53700,-33.96436,151.252247
Sydney City,Randwick City Council,Malabar Beach,10/3/2016,10:40:00,180,21,54200,-33.96436,151.252247
Sydney City,Randwick City Council,Malabar Beach,16/3/2016,09:20:00,190,21,53000,-33.96436,151.252247
Sydney City,Randwick City Council,Malabar Beach,22/3/2016,10:20:00,40,22,53400,-33.96436,151.252247
Sydney City,Randwick City Council,Malabar Beach,29/3/2016,10:15:00,25,22,53900,-33.96436,151.252247
Sydney City,Randwick City Council,Malabar Beach,4/4/2016,10:35:00,750,22,50200,-33.96436,151.252247
Sydney City,Randwick City Council,Malabar Beach,8/4/2016,08:27:00,95,20,54000,-33.96436,151.252247
Sydney City,Randwick City Council,Malabar Beach,15/4/2016,09:37:00,19,21,54100,-33.96436,151.252247
Sydney City,Randwick City Council,Malabar Beach,20/4/2016,10:05:00,2,22,54400,-33.96436,151.252247
Sydney City,Randwick City Council,Malabar Beach,28/4/2016,08:24:00,24,20,54200,-33.96436,151.252247
Sydney City,Randwick City Council,Malabar Beach,4/5/2016,08:41:00,86,19,54500,-33.96436,151.252247
Sydney City,Randwick City Council,Malabar Beach,10/5/2016,07:16:00,98,18,54400,-33.96436,151.252247
Sydney City,Randwick City Council,Malabar Beach,17/5/2016,09:25:00,2,20,54600,-33.96436,151.252247
Sydney City,Randwick City Council,Malabar Beach,23/5/2016,08:17:00,44,20,54400,-33.96436,151.252247
Sydney City,Randwick City Council,Malabar Beach,3/6/2016,11:15:00,1200,19,51500,-33.96436,151.252247
Sydney City,Randwick City Council,Malabar Beach,9/6/2016,08:45:00,51,18,53500,-33.96436,151.252247
Sydney City,Randwick City Council,Malabar Beach,16/6/2016,08:17:00,7,16,53900,-33.96436,151.252247
Sydney City,Randwick City Council,Malabar Beach,20/6/2016,08:25:00,290,17,53700,-33.96436,151.252247
Sydney City,Randwick City Council,Malabar Beach,21/6/2016,12:00:00,30,18,54300,-33.96436,151.252247
Sydney City,Randwick City Council,Malabar Beach,22/6/2016,09:17:00,11,17,54400,-33.96436,151.252247
Sydney City,Randwick City Council,Malabar Beach,23/6/2016,09:02:00,53,16,54000,-33.96436,151.252247
Sydney City,Randwick City Council,Malabar Beach,24/6/2016,09:35:00,26,16,54900,-33.96436,151.252247
Sydney City,Randwick City Council,Malabar Beach,28/6/2016,09:03:00,7,16,54900,-33.96436,151.252247
Sydney City,Randwick City Council,Malabar Beach,5/7/2016,08:52:00,190,17,54700,-33.96436,151.252247
Sydney City,Randwick City Council,Malabar Beach,8/7/2016,10:20:00,16,18,54700,-33.96436,151.252247
Sydney City,Randwick City Council,Malabar Beach,15/7/2016,10:45:00,1,17,54600,-33.96436,151.252247
Sydney City,Randwick City Council,Malabar Beach,21/7/2016,09:57:00,69,18,53600,-33.96436,151.252247
Sydney City,Randwick City Council,Malabar Beach,27/7/2016,06:43:00,17,15,54800,-33.96436,151.252247
Sydney City,Randwick City Council,Malabar Beach,2/8/2016,11:20:00,56,18,54700,-33.96436,151.252247
Sydney City,Randwick City Council,Malabar Beach,9/8/2016,11:10:00,1,18,54300,-33.96436,151.252247
Sydney City,Randwick City Council,Malabar Beach,15/8/2016,07:37:00,0,16,54700,-33.96436,151.252247
Sydney City,Randwick City Council,Malabar Beach,19/8/2016,08:50:00,15,18,54300,-33.96436,151.252247
Sydney City,Randwick City Council,Malabar Beach,26/8/2016,08:36:00,7,17,53700,-33.96436,151.252247
Sydney City,Randwick City Council,Malabar Beach,1/9/2016,10:55:00,4,18,54400,-33.96436,151.252247
Sydney City,Randwick City Council,Malabar Beach,7/9/2016,11:20:00,2,18,54200,-33.96436,151.252247
Sydney City,Randwick City Council,Malabar Beach,14/9/2016,09:00:00,10,17,54000,-33.96436,151.252247
Sydney City,Randwick City Council,Malabar Beach,20/9/2016,09:55:00,130,18,54400,-33.96436,151.252247
Sydney City,Randwick City Council,Malabar Beach,26/9/2016,10:50:00,0,19,54200,-33.96436,151.252247
Sydney City,Randwick City Council,Malabar Beach,30/9/2016,10:30:00,6,18,54600,-33.96436,151.252247
Sydney City,Randwick City Council,Malabar Beach,12/10/2016,09:28:00,0,17,54600,-33.96436,151.252247
Sydney City,Randwick City Council,Malabar Beach,18/10/2016,08:55:00,9,17,54500,-33.96436,151.252247
Sydney City,Randwick City Council,Malabar Beach,25/10/2016,09:30:00,12,20,54600,-33.96436,151.252247
Sydney City,Randwick City Council,Malabar Beach,31/10/2016,10:14:00,22,19,54500,-33.96436,151.252247
Sydney City,Randwick City Council,Malabar Beach,5/11/2016,09:51:00,1,20,54700,-33.96436,151.252247
Sydney City,Randwick City Council,Malabar Beach,10/11/2016,09:51:00,7,20,54300,-33.96436,151.252247
Sydney City,Randwick City Council,Malabar Beach,17/11/2016,10:36:00,45,21,53100,-33.96436,151.252247
Sydney City,Randwick City Council,Malabar Beach,23/11/2016,08:33:00,1,21,54300,-33.96436,151.252247
Sydney City,Randwick City Council,Malabar Beach,30/11/2016,10:22:00,67,21,53100,-33.96436,151.252247
Sydney City,Randwick City Council,Malabar Beach,5/12/2016,09:00:00,9,23,54500,-33.96436,151.252247
Sydney City,Randwick City Council,Malabar Beach,12/12/2016,10:20:00,53,23,54300,-33.96436,151.252247
Sydney City,Randwick City Council,Malabar Beach,16/12/2016,09:30:00,1400,20,50700,-33.96436,151.252247
Sydney City,Randwick City Council,Malabar Beach,22/12/2016,10:16:00,3,21,54700,-33.96436,151.252247
Sydney City,Randwick City Council,Malabar Beach,29/12/2016,09:16:00,9,20,54300,-33.96436,151.252247
Sydney City,Randwick City Council,Malabar Beach,5/1/2017,08:39:00,0,21,54300,-33.96436,151.252247
Sydney City,Randwick City Council,Malabar Beach,11/1/2017,09:33:00,310,22,54100,-33.96436,151.252247
Sydney City,Randwick City Council,Malabar Beach,17/1/2017,10:20:00,7,22,54300,-33.96436,151.252247
Sydney City,Randwick City Council,Malabar Beach,23/1/2017,09:40:00,0,22,54200,-33.96436,151.252247
Sydney City,Randwick City Council,Malabar Beach,30/1/2017,08:44:00,30,23,54300,-33.96436,151.252247
Sydney City,Randwick City Council,Malabar Beach,4/2/2017,10:15:00,1,24,54100,-33.96436,151.252247
Sydney City,Randwick City Council,Malabar Beach,9/2/2017,09:35:00,11,23,54100,-33.96436,151.252247
Sydney City,Randwick City Council,Malabar Beach,15/2/2017,09:20:00,9,22,54000,-33.96436,151.252247
Sydney City,Randwick City Council,Malabar Beach,21/2/2017,09:23:00,2,21,54300,-33.96436,151.252247
Sydney City,Randwick City Council,Malabar Beach,27/2/2017,10:38:00,300,23,54200,-33.96436,151.252247
Sydney City,Randwick City Council,Malabar Beach,3/3/2017,10:55:00,230,25,51100,-33.96436,151.252247
Sydney City,Randwick City Council,Malabar Beach,9/3/2017,11:30:00,29,22,54400,-33.96436,151.252247
Sydney City,Randwick City Council,Malabar Beach,16/3/2017,08:45:00,2,21,52900,-33.96436,151.252247
Sydney City,Randwick City Council,Malabar Beach,22/3/2017,11:08:00,46,22,53800,-33.96436,151.252247
Sydney City,Randwick City Council,Malabar Beach,28/3/2017,09:06:00,900,22,54000,-33.96436,151.252247
Sydney City,Randwick City Council,Malabar Beach,3/4/2017,09:41:00,14,21,53900,-33.96436,151.252247
Sydney City,Randwick City Council,Malabar Beach,7/4/2017,10:45:00,27,23,54200,-33.96436,151.252247
Sydney City,Randwick City Council,Malabar Beach,13/4/2017,10:35:00,16,21,53500,-33.96436,151.252247
Sydney City,Randwick City Council,Malabar Beach,21/4/2017,10:55:00,4,21,53900,-33.96436,151.252247
Sydney City,Randwick City Council,Malabar Beach,28/4/2017,11:10:00,27,20,54400,-33.96436,151.252247
Sydney City,Randwick City Council,Malabar Beach,4/5/2017,07:57:00,25,19,53500,-33.96436,151.252247
Sydney City,Randwick City Council,Malabar Beach,10/5/2017,10:00:00,29,19,54700,-33.96436,151.252247
Sydney City,Randwick City Council,Malabar Beach,16/5/2017,07:38:00,26,18,54900,-33.96436,151.252247
Sydney City,Randwick City Council,Malabar Beach,22/5/2017,11:20:00,60,20,54600,-33.96436,151.252247
Sydney City,Randwick City Council,Malabar Beach,29/5/2017,11:19:00,50,18,54900,-33.96436,151.252247
Sydney City,Randwick City Council,Malabar Beach,1/6/2017,08:23:00,20,17,55100,-33.96436,151.252247
Sydney City,Randwick City Council,Malabar Beach,8/6/2017,11:55:00,60,19,52600,-33.96436,151.252247
Sydney City,Randwick City Council,Malabar Beach,14/6/2017,11:16:00,16,18,53900,-33.96436,151.252247
Sydney City,Randwick City Council,Malabar Beach,20/6/2017,08:56:00,110,18,54800,-33.96436,151.252247
Sydney City,Randwick City Council,Malabar Beach,26/6/2017,11:30:00,32,18,54700,-33.96436,151.252247
Sydney City,Randwick City Council,Malabar Beach,30/6/2017,10:27:00,11,17,55000,-33.96436,151.252247
Sydney City,Randwick City Council,Malabar Beach,11/7/2017,11:46:00,17,17,54700,-33.96436,151.252247
Sydney City,Randwick City Council,Malabar Beach,17/7/2017,09:00:00,12,14,54400,-33.96436,151.252247
Sydney City,Randwick City Council,Malabar Beach,24/7/2017,11:40:00,15,18,54800,-33.96436,151.252247
Sydney City,Randwick City Council,Malabar Beach,28/7/2017,08:18:00,33,16,54700,-33.96436,151.252247
Sydney City,Randwick City Council,Malabar Beach,3/8/2017,10:32:00,17,18,54400,-33.96436,151.252247
Sydney City,Randwick City Council,Malabar Beach,9/8/2017,10:35:00,11,17,54900,-33.96436,151.252247
Sydney City,Randwick City Council,Malabar Beach,16/8/2017,11:44:00,4,18,54800,-33.96436,151.252247
Sydney City,Randwick City Council,Malabar Beach,22/8/2017,10:58:00,2,18,54800,-33.96436,151.252247
Sydney City,Randwick City Council,Malabar Beach,29/8/2017,11:30:00,0,18,54600,-33.96436,151.252247
Sydney City,Randwick City Council,Malabar Beach,1/9/2017,11:02:00,5,18,53900,-33.96436,151.252247
Sydney City,Randwick City Council,Malabar Beach,7/9/2017,09:38:00,3,17,54900,-33.96436,151.252247
Sydney City,Randwick City Council,Malabar Beach,13/9/2017,11:20:00,0,19,54700,-33.96436,151.252247
Sydney City,Randwick City Council,Malabar Beach,19/9/2017,10:47:00,0,18,54400,-33.96436,151.252247
Sydney City,Randwick City Council,Malabar Beach,25/9/2017,11:20:00,6,18,54700,-33.96436,151.252247
Sydney City,Randwick City Council,Malabar Beach,29/9/2017,07:49:00,0,17,54700,-33.96436,151.252247
Sydney City,Randwick City Council,Malabar Beach,5/10/2017,11:12:00,3,20,54000,-33.96436,151.252247
Sydney City,Randwick City Council,Malabar Beach,11/10/2017,10:43:00,10,19,54200,-33.96436,151.252247
Sydney City,Randwick City Council,Malabar Beach,17/10/2017,11:15:00,0,21,54500,-33.96436,151.252247
Sydney City,Randwick City Council,Malabar Beach,23/10/2017,08:53:00,10,18,54200,-33.96436,151.252247
Sydney City,Randwick City Council,Malabar Beach,25/10/2017,10:30:00,42,20,54500,-33.96436,151.252247
Sydney City,Randwick City Council,Malabar Beach,27/10/2017,10:35:00,170,19,52100,-33.96436,151.252247
Sydney City,Randwick City Council,Malabar Beach,3/11/2017,10:02:00,21,20,54300,-33.96436,151.252247
Sydney City,Randwick City Council,Malabar Beach,9/11/2017,10:08:00,4,20,54400,-33.96436,151.252247
Sydney City,Randwick City Council,Malabar Beach,15/11/2017,10:28:00,5,22,54300,-33.96436,151.252247
Sydney City,Randwick City Council,Malabar Beach,21/11/2017,07:41:00,32,18,53900,-33.96436,151.252247
Sydney City,Randwick City Council,Malabar Beach,27/11/2017,10:00:00,1,18,54500,-33.96436,151.252247
Sydney City,Randwick City Council,Malabar Beach,4/12/2017,11:06:00,180,16,54200,-33.96436,151.252247
Sydney City,Randwick City Council,Malabar Beach,8/12/2017,07:40:00,7,19,54300,-33.96436,151.252247
Sydney City,Randwick City Council,Malabar Beach,14/12/2017,11:10:00,21,22,54100,-33.96436,151.252247
Sydney City,Randwick City Council,Malabar Beach,20/12/2017,08:40:00,49,21,54200,-33.96436,151.252247
Sydney City,Randwick City Council,Malabar Beach,28/12/2017,09:40:00,1,22,54400,-33.96436,151.252247
Sydney City,Randwick City Council,Malabar Beach,3/1/2018,07:55:00,65,22,54400,-33.96436,151.252247
Sydney City,Randwick City Council,Malabar Beach,9/1/2018,09:50:00,110,23,54100,-33.96436,151.252247
Sydney City,Randwick City Council,Malabar Beach,15/1/2018,10:04:00,9,21,54400,-33.96436,151.252247
Sydney City,Randwick City Council,Malabar Beach,19/1/2018,09:45:00,27,22,54600,-33.96436,151.252247
Sydney City,Randwick City Council,Malabar Beach,25/1/2018,11:41:00,1,23,54200,-33.96436,151.252247
Sydney City,Randwick City Council,Malabar Beach,1/2/2018,10:40:00,50,22,54300,-33.96436,151.252247
Sydney City,Randwick City Council,Malabar Beach,7/2/2018,11:20:00,1,25,54200,-33.96436,151.252247
Sydney City,Randwick City Council,Malabar Beach,13/2/2018,10:16:00,320,25,54200,-33.96436,151.252247
Sydney City,Randwick City Council,Malabar Beach,19/2/2018,10:38:00,33,23,54000,-33.96436,151.252247
Sydney City,Randwick City Council,Malabar Beach,25/2/2018,10:30:00,6,21,54600,-33.96436,151.252247
Sydney City,Randwick City Council,Malabar Beach,2/3/2018,10:54:00,40,22,54300,-33.96436,151.252247
Sydney City,Randwick City Council,Malabar Beach,8/3/2018,11:02:00,1,23,53800,-33.96436,151.252247
Sydney City,Randwick City Council,Malabar Beach,14/3/2018,12:00:00,26,23,53000,-33.96436,151.252247
Sydney City,Randwick City Council,Malabar Beach,20/3/2018,12:05:00,17,25,53700,-33.96436,151.252247
Sydney City,Randwick City Council,Malabar Beach,26/3/2018,11:11:00,32,23,53600,-33.96436,151.252247
Sydney City,Randwick City Council,Malabar Beach,3/4/2018,09:59:00,130,22,54500,-33.96436,151.252247
Sydney City,Randwick City Council,Malabar Beach,10/4/2018,10:40:00,12,22,54300,-33.96436,151.252247
Sydney City,Randwick City Council,Malabar Beach,16/4/2018,08:07:00,260,21,54400,-33.96436,151.252247
Sydney City,Randwick City Council,Malabar Beach,20/4/2018,09:15:00,90,20,54500,-33.96436,151.252247
Sydney City,Randwick City Council,Malabar Beach,27/4/2018,08:08:00,9,20,54800,-33.96436,151.252247
Sydney City,Randwick City Council,Malabar Beach,2/5/2018,10:44:00,3,20,54600,-33.96436,151.252247
Sydney City,Randwick City Council,Malabar Beach,7/5/2018,09:08:00,16,19,54400,-33.96436,151.252247
Sydney City,Randwick City Council,Malabar Beach,11/5/2018,09:17:00,38,17,54800,-33.96436,151.252247
Sydney City,Randwick City Council,Malabar Beach,17/5/2018,10:10:00,10,18,55000,-33.96436,151.252247
Sydney City,Randwick City Council,Malabar Beach,23/5/2018,08:43:00,5,18,54800,-33.96436,151.252247
Sydney City,Randwick City Council,Malabar Beach,29/5/2018,10:56:00,12,19,54500,-33.96436,151.252247
Sydney City,Randwick City Council,Malabar Beach,4/6/2018,08:55:00,13,19,54500,-33.96436,151.252247
Sydney City,Randwick City Council,Malabar Beach,8/6/2018,08:48:00,10,18,54000,-33.96436,151.252247
Sydney City,Randwick City Council,Malabar Beach,14/6/2018,09:04:00,3,17,54700,-33.96436,151.252247
Sydney City,Randwick City Council,Malabar Beach,21/6/2018,09:10:00,14,17,54400,-33.96436,151.252247
Sydney City,Randwick City Council,Malabar Beach,27/6/2018,09:16:00,7,16,54700,-33.96436,151.252247
Sydney City,Randwick City Council,Malabar Beach,4/7/2018,10:30:00,22,16,54400,-33.96436,151.252247
Sydney City,Randwick City Council,Malabar Beach,10/7/2018,08:43:00,160,15,54700,-33.96436,151.252247
Sydney City,Randwick City Council,Malabar Beach,16/7/2018,08:50:00,3,15,55000,-33.96436,151.252247
Sydney City,Randwick City Council,Malabar Beach,20/7/2018,09:25:00,5,16,54800,-33.96436,151.252247
Sydney City,Randwick City Council,Malabar Beach,26/7/2018,09:28:00,4,15,55100,-33.96436,151.252247
Sydney City,Randwick City Council,Malabar Beach,1/8/2018,09:16:00,11,16,54900,-33.96436,151.252247
Sydney City,Randwick City Council,Malabar Beach,8/8/2018,09:36:00,0,15,54900,-33.96436,151.252247
Sydney City,Randwick City Council,Malabar Beach,14/8/2018,10:36:00,42,17,54800,-33.96436,151.252247
Sydney City,Randwick City Council,Malabar Beach,21/8/2018,09:25:00,0,15,55000,-33.96436,151.252247
Sydney City,Randwick City Council,Malabar Beach,24/8/2018,09:18:00,10,16,54500,-33.96436,151.252247
Sydney City,Randwick City Council,Malabar Beach,30/8/2018,10:25:00,9,16,54600,-33.96436,151.252247
Sydney City,Randwick City Council,Malabar Beach,5/9/2018,08:56:00,17,15,54800,-33.96436,151.252247
Sydney City,Randwick City Council,Malabar Beach,12/9/2018,10:33:00,24,18,54500,-33.96436,151.252247
Sydney City,Randwick City Council,Malabar Beach,19/9/2018,09:23:00,3,17,54400,-33.96436,151.252247
Sydney City,Randwick City Council,Malabar Beach,24/9/2018,08:48:00,40,16,54800,-33.96436,151.252247
Sydney City,Randwick City Council,Malabar Beach,28/9/2018,11:29:00,52,19,54300,-33.96436,151.252247
Sydney City,Randwick City Council,Malabar Beach,5/10/2018,08:50:00,54,17,53300,-33.96436,151.252247
Sydney City,Randwick City Council,Malabar Beach,11/10/2018,09:06:00,6,17,54500,-33.96436,151.252247
Sydney City,Randwick City Council,Malabar Beach,16/10/2018,09:27:00,3,20,53900,-33.96436,151.252247
Sydney City,Randwick City Council,Malabar Beach,23/10/2018,09:40:00,15,19,53400,-33.96436,151.252247
Sydney City,Randwick City Council,Malabar Beach,29/10/2018,10:21:00,43,19,54300,-33.96436,151.252247
Sydney City,Randwick City Council,Malabar Beach,5/11/2018,08:36:00,120,19,54200,-33.96436,151.252247
Sydney City,Randwick City Council,Malabar Beach,9/11/2018,10:28:00,20,20,54500,-33.96436,151.252247
Sydney City,Randwick City Council,Malabar Beach,16/11/2018,10:10:00,3,18,54400,-33.96436,151.252247
Sydney City,Randwick City Council,Malabar Beach,22/11/2018,09:20:00,,20,53500,-33.96436,151.252247
Sydney City,Randwick City Council,Malabar Beach,29/11/2018,11:48:00,12,20,53900,-33.96436,151.252247
Sydney City,Randwick City Council,Malabar Beach,4/12/2018,10:13:00,12,21,53900,-33.96436,151.252247
Sydney City,Randwick City Council,Malabar Beach,11/12/2018,10:55:00,13,22,53800,-33.96436,151.252247
Sydney City,Randwick City Council,Malabar Beach,17/12/2018,10:15:00,2,21,53900,-33.96436,151.252247
Sydney City,Randwick City Council,Malabar Beach,21/12/2018,08:50:00,550,20,53900,-33.96436,151.252247
Sydney City,Randwick City Council,Malabar Beach,28/12/2018,08:25:00,7,20,53900,-33.96436,151.252247
Sydney City,Randwick City Council,Malabar Beach,4/1/2019,08:48:00,34,21,54100,-33.96436,151.252247
Sydney City,Randwick City Council,Malabar Beach,10/1/2019,08:50:00,23,21,54100,-33.96436,151.252247
Sydney City,Randwick City Council,Malabar Beach,18/1/2019,08:50:00,330,23,53600,-33.96436,151.252247
Sydney City,Randwick City Council,Malabar Beach,25/1/2019,09:05:00,10,23,53600,-33.96436,151.252247
Sydney City,Randwick City Council,Malabar Beach,7/2/2019,09:24:00,34,23,53900,-33.96436,151.252247
Sydney City,Randwick City Council,Malabar Beach,13/2/2019,08:30:00,6,19,54900,-33.96436,151.252247
Sydney City,Randwick City Council,Malabar Beach,18/2/2019,09:05:00,280,22,53900,-33.96436,151.252247
Sydney City,Randwick City Council,Malabar Beach,22/2/2019,10:24:00,55,21,54100,-33.96436,151.252247
Sydney City,Randwick City Council,Malabar Beach,1/3/2019,08:41:00,71,23,54200,-33.96436,151.252247
Sydney City,Randwick City Council,Malabar Beach,7/3/2019,10:31:00,98,21,54400,-33.96436,151.252247
Sydney City,Randwick City Council,Malabar Beach,14/3/2019,10:22:00,960,22,50800,-33.96436,151.252247
Sydney City,Randwick City Council,Malabar Beach,19/3/2019,08:35:00,110,22,53200,-33.96436,151.252247
Sydney City,Randwick City Council,Malabar Beach,26/3/2019,10:36:00,12,21,53000,-33.96436,151.252247
Sydney City,Randwick City Council,Malabar Beach,1/4/2019,08:43:00,200,19,54100,-33.96436,151.252247
Sydney City,Randwick City Council,Malabar Beach,11/4/2019,10:05:00,8,19,54400,-33.96436,151.252247
Sydney City,Randwick City Council,Malabar Beach,17/4/2019,08:48:00,140,21,54300,-33.96436,151.252247
Sydney City,Randwick City Council,Malabar Beach,24/4/2019,10:20:00,3,22,53600,-33.96436,151.252247
Sydney City,Randwick City Council,Malabar Beach,30/4/2019,08:50:00,28,20,54500,-33.96436,151.252247
Sydney City,Randwick City Council,Malabar Beach,6/5/2019,08:35:00,40,19,54100,-33.96436,151.252247
Sydney City,Randwick City Council,Malabar Beach,10/5/2019,10:30:00,36,19,54500,-33.96436,151.252247
Sydney City,Randwick City Council,Malabar Beach,17/5/2019,10:02:00,9,20,54100,-33.96436,151.252247
Sydney City,Randwick City Council,Malabar Beach,23/5/2019,09:05:00,20,21,53800,-33.96436,151.252247
Sydney City,Randwick City Council,Malabar Beach,5/6/2019,11:07:00,28,18,54600,-33.96436,151.252247
Sydney City,Randwick City Council,Malabar Beach,11/6/2019,09:06:00,9,18,54600,-33.96436,151.252247
Sydney City,Randwick City Council,Malabar Beach,14/6/2019,09:10:00,14,18,53300,-33.96436,151.252247
Sydney City,Randwick City Council,Malabar Beach,20/6/2019,09:37:00,6,16,55000,-33.96436,151.252247
Sydney City,Randwick City Council,Malabar Beach,26/6/2019,08:50:00,77,17,52800,-33.96436,151.252247
Sydney City,Randwick City Council,Malabar Beach,3/7/2019,09:20:00,12,16,54800,-33.96436,151.252247
Sydney City,Randwick City Council,Malabar Beach,9/7/2019,11:28:00,2,17,54000,-33.96436,151.252247
Sydney City,Randwick City Council,Malabar Beach,15/7/2019,09:10:00,9,15,54600,-33.96436,151.252247
Sydney City,Randwick City Council,Malabar Beach,25/7/2019,10:25:00,4,15,54600,-33.96436,151.252247
Sydney City,Randwick City Council,Malabar Beach,31/7/2019,08:41:00,20,15,54300,-33.96436,151.252247
Sydney City,Randwick City Council,Malabar Beach,13/8/2019,10:05:00,150,16,54800,-33.96436,151.252247
Sydney City,Randwick City Council,Malabar Beach,16/8/2019,10:47:00,1,17,53200,-33.96436,151.252247
Sydney City,Randwick City Council,Malabar Beach,22/8/2019,10:30:00,7,17,54500,-33.96436,151.252247
Sydney City,Randwick City Council,Malabar Beach,29/8/2019,09:35:00,4,16,54300,-33.96436,151.252247
Sydney City,Randwick City Council,Malabar Beach,4/9/2019,10:39:00,30,19,54100,-33.96436,151.252247
Sydney City,Randwick City Council,Malabar Beach,10/9/2019,09:48:00,4,16,54700,-33.96436,151.252247
Sydney City,Randwick City Council,Malabar Beach,16/9/2019,09:30:00,0,18,54600,-33.96436,151.252247
Sydney City,Randwick City Council,Malabar Beach,20/9/2019,11:10:00,5,19,53900,-33.96436,151.252247
Sydney City,Randwick City Council,Malabar Beach,26/9/2019,10:21:00,3,20,53700,-33.96436,151.252247
Sydney City,Randwick City Council,Malabar Beach,2/10/2019,10:18:00,10,20,53800,-33.96436,151.252247
Sydney City,Randwick City Council,Malabar Beach,9/10/2019,09:10:00,3,17,54300,-33.96436,151.252247
Sydney City,Randwick City Council,Malabar Beach,16/10/2019,12:20:00,4,21,53800,-33.96436,151.252247
Sydney City,Randwick City Council,Malabar Beach,22/10/2019,10:10:00,0,20,53900,-33.96436,151.252247
Sydney City,Randwick City Council,Malabar Beach,1/11/2019,11:00:00,0,20,54100,-33.96436,151.252247
Sydney City,Randwick City Council,Malabar Beach,6/11/2019,10:42:00,0,19,53800,-33.96436,151.252247
Sydney City,Randwick City Council,Malabar Beach,13/11/2019,08:53:00,55,17,54500,-33.96436,151.252247
Sydney City,Randwick City Council,Malabar Beach,19/11/2019,11:20:00,3,22,54000,-33.96436,151.252247
Sydney City,Randwick City Council,Malabar Beach,25/11/2019,11:51:00,3,21,54200,-33.96436,151.252247
Sydney City,Randwick City Council,Malabar Beach,3/12/2019,08:38:00,0,18,54400,-33.96436,151.252247
Sydney City,Randwick City Council,Malabar Beach,12/12/2019,09:25:00,94,20,54200,-33.96436,151.252247
Sydney City,Randwick City Council,Malabar Beach,19/12/2019,09:50:00,9,23,54000,-33.96436,151.252247
Sydney City,Randwick City Council,Malabar Beach,7/1/2020,09:45:00,2,21,54600,-33.96436,151.252247
Sydney City,Randwick City Council,Malabar Beach,14/1/2020,12:40:00,21,24,54000,-33.96436,151.252247
Sydney City,Randwick City Council,Malabar Beach,20/1/2020,08:50:00,6,22,54300,-33.96436,151.252247
Sydney City,Randwick City Council,Malabar Beach,24/1/2020,08:15:00,250,21,54200,-33.96436,151.252247
Sydney City,Randwick City Council,Malabar Beach,30/1/2020,10:30:00,3,25,54400,-33.96436,151.252247
Sydney City,Randwick City Council,Malabar Beach,5/2/2020,10:15:00,10,22,54200,-33.96436,151.252247
Sydney City,Randwick City Council,Malabar Beach,11/2/2020,11:40:00,74,21,52500,-33.96436,151.252247
Sydney City,Randwick City Council,Malabar Beach,21/2/2020,11:00:00,7,24,50800,-33.96436,151.252247
Sydney City,Randwick City Council,Malabar Beach,27/2/2020,10:10:00,16,22,53200,-33.96436,151.252247
Sydney City,Randwick City Council,Malabar Beach,10/3/2020,11:38:00,61,21,52800,-33.96436,151.252247
Sydney City,Randwick City Council,Malabar Beach,20/3/2020,10:30:00,4,22,53800,-33.96436,151.252247
Sydney City,Randwick City Council,Malabar Beach,16/4/2020,12:15:00,6,21,53700,-33.96436,151.252247
Sydney City,Randwick City Council,Malabar Beach,23/4/2020,09:20:00,38,19,55500,-33.96436,151.252247
Sydney City,Randwick City Council,Malabar Beach,29/4/2020,08:45:00,11,21,54400,-33.96436,151.252247
Sydney City,Randwick City Council,Malabar Beach,4/5/2020,09:25:00,81,17,54800,-33.96436,151.252247
Sydney City,Randwick City Council,Malabar Beach,8/5/2020,09:42:00,8,20,55100,-33.96436,151.252247
Sydney City,Randwick City Council,Malabar Beach,15/5/2020,08:06:00,3,18,54800,-33.96436,151.252247
Sydney City,Randwick City Council,Malabar Beach,21/5/2020,11:10:00,16,18,54400,-33.96436,151.252247
Sydney City,Randwick City Council,Malabar Beach,27/5/2020,07:30:00,0,18,54200,-33.96436,151.252247
Sydney City,Randwick City Council,Malabar Beach,2/6/2020,07:40:00,23,16,54800,-33.96436,151.252247
Sydney City,Randwick City Council,Malabar Beach,9/6/2020,09:33:00,35,17,54400,-33.96436,151.252247
Sydney City,Randwick City Council,Malabar Beach,15/6/2020,10:40:00,5,17,54300,-33.96436,151.252247
Sydney City,Randwick City Council,Malabar Beach,19/6/2020,09:20:00,1,17,53200,-33.96436,151.252247
Sydney City,Randwick City Council,Malabar Beach,25/6/2020,10:05:00,35,16,54700,-33.96436,151.252247
Sydney City,Randwick City Council,Malabar Beach,2/7/2020,10:46:00,2,18,53100,-33.96436,151.252247
Sydney City,Randwick City Council,Malabar Beach,8/7/2020,11:40:00,1,17,54200,-33.96436,151.252247
Sydney City,Randwick City Council,Malabar Beach,14/7/2020,11:10:00,85,16,54700,-33.96436,151.252247
Sydney City,Randwick City Council,Malabar Beach,20/7/2020,08:35:00,2,16,54900,-33.96436,151.252247
Sydney City,Randwick City Council,Malabar Beach,24/7/2020,11:10:00,0,17,54200,-33.96436,151.252247
Sydney City,Randwick City Council,Malabar Beach,31/7/2020,10:06:00,1,17,53600,-33.96436,151.252247
Sydney City,Randwick City Council,Malabar Beach,6/8/2020,10:16:00,1,15,54400,-33.96436,151.252247
Sydney City,Randwick City Council,Malabar Beach,12/8/2020,11:10:00,0,17,52400,-33.96436,151.252247
Sydney City,Randwick City Council,Malabar Beach,18/8/2020,10:00:00,2,17,54400,-33.96436,151.252247
Sydney City,Randwick City Council,Malabar Beach,24/8/2020,10:41:00,1,17,54600,-33.96436,151.252247
Sydney City,Randwick City Council,Malabar Beach,31/8/2020,08:57:00,3,16,54000,-33.96436,151.252247
Sydney City,Randwick City Council,Malabar Beach,4/9/2020,11:00:00,65,16,54300,-33.96436,151.252247
Sydney City,Randwick City Council,Malabar Beach,10/9/2020,11:50:00,62,18,53100,-33.96436,151.252247
Sydney City,Randwick City Council,Malabar Beach,16/9/2020,08:47:00,3,19,54100,-33.96436,151.252247
Sydney City,Randwick City Council,Malabar Beach,22/9/2020,10:51:00,12,20,53400,-33.96436,151.252247
Sydney City,Randwick City Council,Malabar Beach,28/9/2020,11:07:00,1,19,53600,-33.96436,151.252247
Sydney City,Randwick City Council,Malabar Beach,2/10/2020,11:15:00,1,20,52800,-33.96436,151.252247
Sydney City,Randwick City Council,Malabar Beach,9/10/2020,10:50:00,0,18,54300,-33.96436,151.252247
Sydney City,Randwick City Council,Malabar Beach,15/10/2020,10:45:00,5,21,52800,-33.96436,151.252247
Sydney City,Randwick City Council,Malabar Beach,21/10/2020,08:59:00,2,19,54800,-33.96436,151.252247
Sydney City,Randwick City Council,Malabar Beach,27/10/2020,09:24:00,24,17,54000,-33.96436,151.252247
Sydney City,Randwick City Council,Malabar Beach,3/11/2020,10:39:00,43,20,52600,-33.96436,151.252247
Sydney City,Randwick City Council,Malabar Beach,6/11/2020,09:05:00,17,16,54000,-33.96436,151.252247
Sydney City,Randwick City Council,Malabar Beach,13/11/2020,08:16:00,36,20,53800,-33.96436,151.252247
Sydney City,Randwick City Council,Malabar Beach,19/11/2020,10:02:00,5,21,53900,-33.96436,151.252247
Sydney City,Randwick City Council,Malabar Beach,25/11/2020,11:25:00,0,24,52000,-33.96436,151.252247
Sydney City,Randwick City Council,Malabar Beach,3/12/2020,11:48:00,13,23,53500,-33.96436,151.252247
Sydney City,Randwick City Council,Malabar Beach,8/12/2020,10:29:00,0,20,54000,-33.96436,151.252247
Sydney City,Randwick City Council,Malabar Beach,15/12/2020,09:52:00,120,20,54000,-33.96436,151.252247
Sydney City,Randwick City Council,Malabar Beach,23/12/2020,10:36:00,3,22,53500,-33.96436,151.252247
Sydney City,Randwick City Council,Malabar Beach,29/12/2020,09:24:00,260,20,53100,-33.96436,151.252247
Sydney City,Randwick City Council,Malabar Beach,5/1/2021,09:26:00,3,22,53600,-33.96436,151.252247
Sydney City,Randwick City Council,Malabar Beach,11/1/2021,11:13:00,11,26,52500,-33.96436,151.252247
Sydney City,Randwick City Council,Malabar Beach,15/1/2021,10:55:00,250,24,52800,-33.96436,151.252247
Sydney City,Randwick City Council,Malabar Beach,21/1/2021,11:07:00,2,23,53600,-33.96436,151.252247
Sydney City,Randwick City Council,Malabar Beach,28/1/2021,08:18:00,480,20,54800,-33.96436,151.252247
Sydney City,Randwick City Council,Malabar Beach,3/2/2021,09:40:00,15,21,53500,-33.96436,151.252247
Sydney City,Randwick City Council,Malabar Beach,9/2/2021,10:59:00,5,23,52600,-33.96436,151.252247
Sydney City,Randwick City Council,Malabar Beach,15/2/2021,08:28:00,1,20,54100,-33.96436,151.252247
Sydney City,Randwick City Council,Malabar Beach,19/2/2021,08:18:00,43,22,54100,-33.96436,151.252247
Sydney City,Randwick City Council,Malabar Beach,24/2/2021,10:36:00,13,21,52400,-33.96436,151.252247
Sydney City,Randwick City Council,Malabar Beach,3/3/2021,09:34:00,,21,54100,-33.96436,151.252247
Sydney City,Randwick City Council,Malabar Beach,15/3/2021,10:08:00,14,20,54400,-33.96436,151.252247
Sydney City,Randwick City Council,Malabar Beach,18/3/2021,09:25:00,17,20,54800,-33.96436,151.252247
Sydney City,Randwick City Council,Malabar Beach,26/3/2021,07:57:00,37,17,48000,-33.96436,151.252247
Sydney City,Randwick City Council,Malabar Beach,1/4/2021,10:08:00,1,22,52300,-33.96436,151.252247
Sydney City,Randwick City Council,Malabar Beach,9/4/2021,07:36:00,20,22,52000,-33.96436,151.252247
Sydney City,Randwick City Council,Malabar Beach,15/4/2021,10:32:00,0,22,53100,-33.96436,151.252247
Sydney City,Randwick City Council,Malabar Beach,20/4/2021,10:02:00,6,20,54000,-33.96436,151.252247
Sydney City,Randwick City Council,Malabar Beach,27/4/2021,09:28:00,5,20,52400,-33.96436,151.252247
Sydney City,Randwick City Council,Malabar Beach,3/5/2021,10:55:00,1,21,51700,-33.96436,151.252247
Sydney City,Randwick City Council,Malabar Beach,10/5/2021,08:12:00,1,19,54400,-33.96436,151.252247
Sydney City,Randwick City Council,Malabar Beach,14/5/2021,09:47:00,28,18,54100,-33.96436,151.252247
Sydney City,Randwick City Council,Malabar Beach,26/5/2021,09:34:00,3,18,54200,-33.96436,151.252247
Sydney City,Randwick City Council,Malabar Beach,2/6/2021,08:37:00,15,16,54800,-33.96436,151.252247
Sydney City,Randwick City Council,Malabar Beach,8/6/2021,11:06:00,2,16,56000,-33.96436,151.252247
Sydney City,Randwick City Council,Malabar Beach,15/6/2021,10:22:00,35,17,54600,-33.96436,151.252247
Sydney City,Randwick City Council,Malabar Beach,21/6/2021,08:05:00,16,17,54300,-33.96436,151.252247
Sydney City,Randwick City Council,Malabar Beach,24/6/2021,08:54:00,3,17,54800,-33.96436,151.252247
Sydney City,Randwick City Council,Malabar Beach,2/7/2021,10:51:00,16,18,54100,-33.96436,151.252247
Sydney City,Randwick City Council,Malabar Beach,7/7/2021,09:07:00,0,16,55000,-33.96436,151.252247
Sydney City,Randwick City Council,Malabar Beach,13/7/2021,09:23:00,2,16,54300,-33.96436,151.252247
Sydney City,Randwick City Council,Malabar Beach,22/7/2021,07:48:00,5,15,55100,-33.96436,151.252247
Sydney City,Randwick City Council,Malabar Beach,26/7/2021,09:42:00,4,16,54300,-33.96436,151.252247
Sydney City,Randwick City Council,Malabar Beach,30/7/2021,11:11:00,0,16,54300,-33.96436,151.252247
Sydney City,Randwick City Council,Malabar Beach,5/8/2021,08:52:00,3,16,51800,-33.96436,151.252247
Sydney City,Randwick City Council,Malabar Beach,11/8/2021,09:06:00,5,17,54600,-33.96436,151.252247
Sydney City,Randwick City Council,Malabar Beach,17/8/2021,08:46:00,1,15,55000,-33.96436,151.252247
Sydney City,Randwick City Council,Malabar Beach,23/8/2021,11:01:00,1,19,53300,-33.96436,151.252247
Sydney City,Randwick City Council,Malabar Beach,27/8/2021,10:42:00,10,18,50500,-33.96436,151.252247
Sydney City,Randwick City Council,Malabar Beach,2/9/2021,09:41:00,6,18,54100,-33.96436,151.252247
Sydney City,Randwick City Council,Malabar Beach,9/9/2021,08:03:00,6,15,55000,-33.96436,151.252247
Sydney City,Randwick City Council,Malabar Beach,15/9/2021,10:27:00,72,17,50900,-33.96436,151.252247
Sydney City,Randwick City Council,Malabar Beach,22/9/2021,08:11:00,30,16,55500,-33.96436,151.252247
Sydney City,Randwick City Council,Malabar Beach,27/9/2021,08:48:00,0,17,53800,-33.96436,151.252247
Sydney City,Randwick City Council,Malabar Beach,1/10/2021,08:51:00,0,18,54100,-33.96436,151.252247
Sydney City,Randwick City Council,Malabar Beach,7/10/2021,08:30:00,15,16,54400,-33.96436,151.252247
Sydney City,Randwick City Council,Malabar Beach,13/10/2021,09:52:00,12,19,54600,-33.96436,151.252247
Sydney City,Randwick City Council,Malabar Beach,19/10/2021,10:28:00,17,21,55128,-33.96436,151.252247
Sydney City,Randwick City Council,Malabar Beach,25/10/2021,09:10:00,4,19,54000,-33.96436,151.252247
Sydney City,Randwick City Council,Malabar Beach,1/11/2021,08:27:00,0,18,54800,-33.96436,151.252247
Sydney City,Randwick City Council,Malabar Beach,11/11/2021,10:06:00,5,20,51500,-33.96436,151.252247
Sydney City,Randwick City Council,Malabar Beach,17/11/2021,09:15:00,35,19,54200,-33.96436,151.252247
Sydney City,Randwick City Council,Malabar Beach,23/11/2021,08:33:00,7,19,53400,-33.96436,151.252247
Sydney City,Randwick City Council,Malabar Beach,3/12/2021,09:11:00,11,21,54000,-33.96436,151.252247
Sydney City,Randwick City Council,Malabar Beach,10/12/2021,09:34:00,6,21,53500,-33.96436,151.252247
Sydney City,Randwick City Council,Malabar Beach,16/12/2021,08:16:00,17,23,51800,-33.96436,151.252247
Sydney City,Randwick City Council,Malabar Beach,21/12/2021,09:33:00,130,24,51800,-33.96436,151.252247
Sydney City,Randwick City Council,Malabar Beach,29/12/2021,08:02:00,2,21,58300,-33.96436,151.252247
Sydney City,Randwick City Council,Malabar Beach,4/1/2022,07:57:00,11,22,53500,-33.96436,151.252247
Sydney City,Randwick City Council,Malabar Beach,10/1/2022,08:00:00,4,21,53700,-33.96436,151.252247
Sydney City,Randwick City Council,Malabar Beach,14/1/2022,07:18:00,34,22,53700,-33.96436,151.252247
Sydney City,Randwick City Council,Malabar Beach,20/1/2022,08:07:00,15,20,49300,-33.96436,151.252247
Sydney City,Randwick City Council,Malabar Beach,27/1/2022,08:52:00,0,20,51600,-33.96436,151.252247
Sydney City,Randwick City Council,Malabar Beach,2/2/2022,08:15:00,120,19,52100,-33.96436,151.252247
Sydney City,Randwick City Council,Malabar Beach,8/2/2022,07:46:00,37,22,53400,-33.96436,151.252247
Sydney City,Randwick City Council,Malabar Beach,14/2/2022,09:26:00,6,24,54200,-33.96436,151.252247
Sydney City,Randwick City Council,Malabar Beach,18/2/2022,08:19:00,37,23,54100,-33.96436,151.252247
Sydney City,Randwick City Council,Malabar Beach,28/2/2022,07:35:00,180,23,51000,-33.96436,151.252247
Sydney City,Randwick City Council,Malabar Beach,3/3/2022,09:01:00,900,21,51400,-33.96436,151.252247
Sydney City,Randwick City Council,Malabar Beach,9/3/2022,09:21:00,15,22,50600,-33.96436,151.252247
Sydney City,Randwick City Council,Malabar Beach,15/3/2022,10:01:00,8,23,47700,-33.96436,151.252247
Sydney City,Randwick City Council,Malabar Beach,21/3/2022,10:32:00,15,23,49400,-33.96436,151.252247
Sydney City,Randwick City Council,Malabar Beach,25/3/2022,10:21:00,22,22,51100,-33.96436,151.252247
Sydney City,Randwick City Council,Malabar Beach,31/3/2022,10:55:00,26,22,51200,-33.96436,151.252247
Sydney City,Randwick City Council,Malabar Beach,6/4/2022,09:10:00,84,20,49900,-33.96436,151.252247
Sydney City,Randwick City Council,Malabar Beach,12/4/2022,08:30:00,1,22,51300,-33.96436,151.252247
Sydney City,Randwick City Council,Malabar Beach,20/4/2022,09:49:00,11,21,52500,-33.96436,151.252247
Sydney City,Randwick City Council,Malabar Beach,26/4/2022,09:37:00,16,20,52500,-33.96436,151.252247
Sydney City,Randwick City Council,Malabar Beach,2/5/2022,09:30:00,11,18,54200,-33.96436,151.252247
Sydney City,Randwick City Council,Malabar Beach,6/5/2022,08:19:00,15,18,53500,-33.96436,151.252247
Sydney City,Randwick City Council,Malabar Beach,12/5/2022,08:19:00,36,20,52600,-33.96436,151.252247
Sydney City,Randwick City Council,Malabar Beach,18/5/2022,07:50:00,240,14,58500,-33.96436,151.252247
Sydney City,Randwick City Council,Malabar Beach,24/5/2022,08:30:00,25,19,52000,-33.96436,151.252247
Sydney City,Randwick City Council,Malabar Beach,30/5/2022,08:36:00,8,19,53600,-33.96436,151.252247
Sydney City,Randwick City Council,Malabar Beach,6/6/2022,09:23:00,0,17,53000,-33.96436,151.252247
Sydney City,Randwick City Council,Malabar Beach,10/6/2022,09:11:00,1,17,54600,-33.96436,151.252247
Sydney City,Randwick City Council,Malabar Beach,16/6/2022,08:03:00,7,17,54600,-33.96436,151.252247
Sydney City,Randwick City Council,Malabar Beach,22/6/2022,09:38:00,42,16,54100,-33.96436,151.252247
Sydney City,Randwick City Council,Malabar Beach,28/6/2022,10:42:00,0,18,,-33.96436,151.252247
Sydney City,Randwick City Council,Malabar Beach,5/7/2022,07:39:00,96,,,-33.96436,151.252247
Sydney City,Randwick City Council,Malabar Beach,11/7/2022,09:11:00,13,16,53100,-33.96436,151.252247
Sydney City,Randwick City Council,Malabar Beach,15/7/2022,08:14:00,2,15,53900,-33.96436,151.252247
Sydney City,Randwick City Council,Malabar Beach,21/7/2022,08:51:00,,17,53400,-33.96436,151.252247
Sydney City,Randwick City Council,Malabar Beach,27/7/2022,10:17:00,300,17,54400,-33.96436,151.252247
Sydney City,Randwick City Council,Malabar Beach,2/8/2022,09:33:00,0,16,54100,-33.96436,151.252247
Sydney City,Randwick City Council,Malabar Beach,8/8/2022,08:08:00,0,15,54100,-33.96436,151.252247
Sydney City,Randwick City Council,Malabar Beach,15/8/2022,09:14:00,12,16,54300,-33.96436,151.252247
Sydney City,Randwick City Council,Malabar Beach,19/8/2022,08:08:00,1,16,53900,-33.96436,151.252247
Sydney City,Randwick City Council,Malabar Beach,25/8/2022,10:47:00,0,17,54600,-33.96436,151.252247
Sydney City,Randwick City Council,Malabar Beach,31/8/2022,09:52:00,6,,,-33.96436,151.252247
Sydney City,Randwick City Council,Malabar Beach,6/9/2022,10:02:00,2,16,54500,-33.96436,151.252247
Sydney City,Randwick City Council,Malabar Beach,13/9/2022,09:22:00,23,16,54300,-33.96436,151.252247
Sydney City,Randwick City Council,Malabar Beach,19/9/2022,09:10:00,0,17,53900,-33.96436,151.252247
Sydney City,Randwick City Council,Malabar Beach,23/9/2022,08:26:00,18,17,53800,-33.96436,151.252247
Sydney City,Randwick City Council,Malabar Beach,29/9/2022,09:00:00,40,17,54600,-33.96436,151.252247
Sydney City,Randwick City Council,Malabar Beach,5/10/2022,09:47:00,8,17,54000,-33.96436,151.252247
Sydney City,Randwick City Council,Malabar Beach,12/10/2022,08:50:00,7,,,-33.96436,151.252247
Sydney City,Randwick City Council,Malabar Beach,18/10/2022,08:39:00,0,18,54000,-33.96436,151.252247
Sydney City,Randwick City Council,Malabar Beach,24/10/2022,08:05:00,310,18,53000,-33.96436,151.252247
Sydney City,Randwick City Council,Malabar Beach,1/11/2022,09:20:00,0,18,53900,-33.96436,151.252247
Sydney City,Randwick City Council,Malabar Beach,4/11/2022,08:25:00,0,18,53700,-33.96436,151.252247
Sydney City,Randwick City Council,Malabar Beach,10/11/2022,09:00:00,19,19,54100,-33.96436,151.252247
Sydney City,Randwick City Council,Malabar Beach,16/11/2022,08:11:00,1,17,54400,-33.96436,151.252247
Sydney City,Randwick City Council,Malabar Beach,22/11/2022,08:03:00,350,16,54400,-33.96436,151.252247
Sydney City,Randwick City Council,Malabar Beach,30/11/2022,10:05:00,0,20,54000,-33.96436,151.252247
Sydney City,Randwick City Council,Malabar Beach,5/12/2022,08:05:00,37,19,54300,-33.96436,151.252247
Sydney City,Randwick City Council,Malabar Beach,9/12/2022,07:52:00,6,19,53900,-33.96436,151.252247
Sydney City,Randwick City Council,Malabar Beach,15/12/2022,07:48:00,0,18,54800,-33.96436,151.252247
Sydney City,Randwick City Council,Malabar Beach,22/12/2022,07:51:00,18,,,-33.96436,151.252247
Sydney City,Randwick City Council,Malabar Beach,29/12/2022,08:08:00,4,21,54600,-33.96436,151.252247
Sydney City,Randwick City Council,Malabar Beach,5/1/2023,08:54:00,76,19,54300,-33.96436,151.252247
Sydney City,Randwick City Council,Malabar Beach,11/1/2023,08:04:00,1,23,54100,-33.96436,151.252247
Sydney City,Randwick City Council,Malabar Beach,17/1/2023,07:10:00,70,23,53900,-33.96436,151.252247
Sydney City,Randwick City Council,Malabar Beach,23/1/2023,10:23:00,210,23,53700,-33.96436,151.252247
Sydney City,Randwick City Council,Malabar Beach,27/1/2023,08:41:00,1,23,53800,-33.96436,151.252247
Sydney City,Randwick City Council,Malabar Beach,2/2/2023,08:15:00,22,23,53800,-33.96436,151.252247
Sydney City,Randwick City Council,Malabar Beach,9/2/2023,10:06:00,450,22,50700,-33.96436,151.252247
Sydney City,Randwick City Council,Malabar Beach,15/2/2023,09:13:00,5,23,53300,-33.96436,151.252247
Sydney City,Randwick City Council,Malabar Beach,21/2/2023,11:08:00,6,25,53200,-33.96436,151.252247
Sydney City,Randwick City Council,Malabar Beach,28/2/2023,08:03:00,5,23,53600,-33.96436,151.252247
Sydney City,Randwick City Council,Malabar Beach,6/3/2023,08:08:00,58,20,52400,-33.96436,151.252247
Sydney City,Randwick City Council,Malabar Beach,10/3/2023,07:58:00,0,22,51400,-33.96436,151.252247
Sydney City,Randwick City Council,Malabar Beach,16/3/2023,07:56:00,1,22,54200,-33.96436,151.252247
Sydney City,Randwick City Council,Malabar Beach,22/3/2023,08:23:00,5,21,54100,-33.96436,151.252247
Sydney City,Randwick City Council,Malabar Beach,28/3/2023,08:00:00,26,20,54000,-33.96436,151.252247
Sydney City,Randwick City Council,Malabar Beach,3/4/2023,08:10:00,,20,53300,-33.96436,151.252247
Sydney City,Randwick City Council,Malabar Beach,6/4/2023,08:39:00,14,21,53400,-33.96436,151.252247
Sydney City,Randwick City Council,Malabar Beach,13/4/2023,09:50:00,10,21,53300,-33.96436,151.252247
Sydney City,Randwick City Council,Malabar Beach,20/4/2023,09:23:00,6,20,54300,-33.96436,151.252247
Sydney City,Randwick City Council,Malabar Beach,26/4/2023,09:08:00,2,21,54100,-33.96436,151.252247
Sydney City,Randwick City Council,Malabar Beach,2/5/2023,08:06:00,6,21,54400,-33.96436,151.252247
Sydney City,Randwick City Council,Malabar Beach,9/5/2023,08:35:00,24,,,-33.96436,151.252247
Sydney City,Randwick City Council,Malabar Beach,19/5/2023,08:04:00,9,18,53100,-33.96436,151.252247
Sydney City,Randwick City Council,Malabar Beach,24/5/2023,08:18:00,10,17,54400,-33.96436,151.252247
Sydney City,Randwick City Council,Malabar Beach,31/5/2023,09:19:00,2,17,54600,-33.96436,151.252247
Sydney City,Randwick City Council,Malabar Beach,6/6/2023,10:42:00,19,18,54300,-33.96436,151.252247
Sydney City,Randwick City Council,Malabar Beach,9/6/2023,09:41:00,5,17,54100,-33.96436,151.252247
Sydney City,Randwick City Council,Malabar Beach,19/6/2023,10:28:00,4,15,53700,-33.96436,151.252247
Sydney City,Randwick City Council,Malabar Beach,26/6/2023,09:52:00,1,15,53000,-33.96436,151.252247
Sydney City,Randwick City Council,Malabar Beach,5/7/2023,10:26:00,30,17,,-33.96436,151.252247
Sydney City,Randwick City Council,Malabar Beach,10/7/2023,09:47:00,4,15,54400,-33.96436,151.252247
Sydney City,Randwick City Council,Malabar Beach,14/7/2023,10:03:00,0,16,53300,-33.96436,151.252247
Sydney City,Randwick City Council,Malabar Beach,20/7/2023,08:03:00,28,15,54000,-33.96436,151.252247
Sydney City,Randwick City Council,Malabar Beach,26/7/2023,07:51:00,3,15,53900,-33.96436,151.252247
Sydney City,Randwick City Council,Malabar Beach,1/8/2023,09:58:00,1,16,54000,-33.96436,151.252247
Sydney City,Randwick City Council,Malabar Beach,7/8/2023,10:29:00,160,16,53200,-33.96436,151.252247
Sydney City,Randwick City Council,Malabar Beach,11/8/2023,08:35:00,0,15,54500,-33.96436,151.252247
Sydney City,Randwick City Council,Malabar Beach,17/8/2023,08:10:00,48,16,54200,-33.96436,151.252247
Sydney City,Randwick City Council,Malabar Beach,23/8/2023,09:52:00,4,16,54000,-33.96436,151.252247
Sydney City,Randwick City Council,Malabar Beach,29/8/2023,09:49:00,11,18,54000,-33.96436,151.252247
Sydney City,Randwick City Council,Malabar Beach,4/9/2023,10:45:00,1,18,54300,-33.96436,151.252247
Sydney City,Randwick City Council,Malabar Beach,8/9/2023,08:52:00,0,16,53500,-33.96436,151.252247
Sydney City,Randwick City Council,Malabar Beach,15/9/2023,09:38:00,0,18,51500,-33.96436,151.252247
Sydney City,Randwick City Council,Malabar Beach,21/9/2023,09:46:00,2,18,54200,-33.96436,151.252247
Sydney City,Randwick City Council,Malabar Beach,27/9/2023,08:55:00,11,19,,-33.96436,151.252247
Sydney City,Randwick City Council,Malabar Beach,3/10/2023,09:41:00,1,19,52000,-33.96436,151.252247
Sydney City,Randwick City Council,Malabar Beach,9/10/2023,09:53:00,0,18,52400,-33.96436,151.252247
Sydney City,Randwick City Council,Malabar Beach,13/10/2023,08:05:00,35,17,53500,-33.96436,151.252247
Sydney City,Randwick City Council,Malabar Beach,19/10/2023,09:38:00,0,19,54300,-33.96436,151.252247
Sydney City,Randwick City Council,Malabar Beach,25/10/2023,09:50:00,0,20,54200,-33.96436,151.252247
Sydney City,Randwick City Council,Malabar Beach,1/11/2023,09:31:00,42,18,53800,-33.96436,151.252247
Sydney City,Randwick City Council,Malabar Beach,7/11/2023,09:53:00,14,20,54400,-33.96436,151.252247
Sydney City,Randwick City Council,Malabar Beach,13/11/2023,09:31:00,100,21,53400,-33.96436,151.252247
Sydney City,Randwick City Council,Malabar Beach,20/11/2023,10:15:00,30,21,53700,-33.96436,151.252247
Sydney City,Randwick City Council,Malabar Beach,24/11/2023,09:41:00,51,21,52000,-33.96436,151.252247
Sydney City,Randwick City Council,Malabar Beach,30/11/2023,10:00:00,0,20,53300,-33.96436,151.252247
Sydney City,Randwick City Council,Malabar Beach,5/12/2023,09:19:00,8,23,53300,-33.96436,151.252247
Sydney City,Randwick City Council,Malabar Beach,11/12/2023,10:04:00,42,23,53700,-33.96436,151.252247
Sydney City,Randwick City Council,Malabar Beach,15/12/2023,12:10:00,25,24,54900,-33.96436,151.252247
Sydney City,Randwick City Council,Malabar Beach,21/12/2023,09:18:00,150,19,52200,-33.96436,151.252247
Sydney City,Randwick City Council,Malabar Beach,28/12/2023,09:21:00,160,22,52500,-33.96436,151.252247
Sydney City,Randwick City Council,Malabar Beach,3/1/2024,09:58:00,21,22,53600,-33.96436,151.252247
Sydney City,Randwick City Council,Malabar Beach,8/1/2024,09:27:00,8,22,53800,-33.96436,151.252247
Sydney City,Randwick City Council,Malabar Beach,12/1/2024,09:56:00,44,24,53500,-33.96436,151.252247
Sydney City,Randwick City Council,Malabar Beach,18/1/2024,11:06:00,40,24,53800,-33.96436,151.252247
Sydney City,Randwick City Council,Malabar Beach,24/1/2024,09:42:00,0,23,54000,-33.96436,151.252247
Sydney City,Randwick City Council,Malabar Beach,31/1/2024,09:15:00,2,23,53100,-33.96436,151.252247
Sydney City,Randwick City Council,Malabar Beach,6/2/2024,09:27:00,2800,22,49400,-33.96436,151.252247
Sydney City,Randwick City Council,Malabar Beach,12/2/2024,10:10:00,440,23,54400,-33.96436,151.252247
Sydney City,Randwick City Council,Malabar Beach,16/2/2024,09:38:00,700,22,52700,-33.96436,151.252247
Sydney City,Randwick City Council,Malabar Beach,28/2/2024,09:30:00,230,23,52900,-33.96436,151.252247
Sydney City,Randwick City Council,Malabar Beach,5/3/2024,08:57:00,35,22,53500,-33.96436,151.252247
Sydney City,Randwick City Council,Malabar Beach,11/3/2024,09:48:00,15,24,53400,-33.96436,151.252247
Sydney City,Randwick City Council,Malabar Beach,15/3/2024,08:56:00,11,22,53400,-33.96436,151.252247
Sydney City,Randwick City Council,Malabar Beach,21/3/2024,11:00:00,5,22,52800,-33.96436,151.252247
Sydney City,Randwick City Council,Malabar Beach,27/3/2024,10:10:00,44,22,,-33.96436,151.252247
Sydney City,Randwick City Council,Malabar Beach,4/4/2024,10:22:00,100,20,54000,-33.96436,151.252247
Sydney City,Randwick City Council,Malabar Beach,8/4/2024,10:46:00,42,21,51600,-33.96436,151.252247
Sydney City,Randwick City Council,Malabar Beach,12/4/2024,09:58:00,16,20,53100,-33.96436,151.252247